time_period,location,sample_0
2023-07,loc1,507.12794190556724
2023-08,loc1,665.444019948088
2023-09,loc1,557.5960220478869
